ds,yhat,yhat_lower,yhat_upper,actual,trend,weekly,yearly
2025-04-08,201.61197294347235,194.585381558848,208.16578581421456,196.9008571729463,182.58624088809356,-0.17375588468012215,5.98087980979749
2025-04-09,203.4842871357568,197.8004813109628,209.46253325720153,197.29163530323396,182.68383337537333,0.4873701244436568,7.164261330417222
2025-04-10,204.19394823128528,198.03299008700432,210.63277841433015,200.173136633349,182.78142586265307,0.07480479504545606,8.251871616959264
2025-04-11,205.2093241347971,198.83338826327576,211.46246680495852,205.5840891830906,182.8790183499328,0.07604039906383094,9.225857539306917
2025-04-12,205.78750270517446,199.18610633716662,212.16711851440542,205.1122104479148,182.97661083721255,-0.23567681132253887,10.071436448637058
2025-04-13,206.4995895592908,200.21751398215133,213.10559043325785,204.67249868750582,183.0742033244923,-0.2763093382291929,10.777144546693998
2025-04-14,207.42943461404795,201.13580043977342,213.4057677291168,209.9407035873488,183.17179581177209,0.047526715679238725,11.334995391359406
2025-04-15,207.66139437410777,201.0836301668262,215.08331543235252,212.89191701569385,183.26938829905183,-0.17375588467960115,11.740546222020988
2025-04-16,208.6204059243975,201.8933635921052,214.9302868596261,212.52426109914109,183.36698078633157,0.48737012444279626,11.992872321555279
2025-04-17,208.35114472268947,202.6365204788254,214.76464196072916,214.62266086485843,183.4645732736113,0.07480479504459604,12.094452125152563
2025-04-18,208.34505965807438,202.41895069233183,214.54270057198644,213.7888569232267,183.56216576089105,0.0760403990632873,12.050968170322019
2025-04-19,207.8822737508522,201.01829015908655,213.94064837672346,212.99420342454505,183.65975824817082,-0.23567681132059948,11.871031191751799
2025-04-20,207.55629283320405,201.72096366506764,214.05171187516964,214.51183033853283,183.75735073545056,-0.2763093382294809,11.565836639227872
2025-04-21,207.4721754396069,201.6032704036864,213.9199655539899,209.1400880997313,183.85494321877408,0.047526715678468376,11.148764583923516
2025-04-22,206.73378555902994,200.07141620714197,212.72642446290212,204.3657144421728,183.95253570209758,-0.17375588468045994,10.634935333952843
2025-04-23,206.78341725595396,200.8840285220931,213.00009522193668,202.50364019668984,184.0501281854211,0.4873701244431172,10.040734070087119
2025-04-24,205.6805744960662,199.44922527732552,212.07871016256118,200.52347510777224,184.14772066874463,0.07480479504466273,9.38331841347555
2025-04-25,204.92870864552904,198.91028911746213,210.73221755538847,201.85519615451486,184.24531315206815,0.07604039906274372,8.680123037164678
2025-04-26,203.81690864092675,197.48628039325962,210.13462971655767,200.00113088163027,184.34290563539165,-0.2356768113218868,7.948375231383371
2025-04-27,202.94449022595225,196.92309681369716,209.42996830576988,196.71000334115703,184.44049811871517,-0.2763093382300606,7.204634740304831
2025-04-28,202.4191389018784,196.62629393724717,208.69208755812232,201.81497973982042,184.5380906020387,0.04752671567769794,6.464370226807173
2025-04-29,201.34422699081173,195.01491339191364,208.26799411258702,201.82416659094133,184.63568308536222,-0.1737558846803967,5.741583424451813
2025-04-30,201.15859004792253,194.83706836895144,207.4511791782416,202.6894535313344,184.7332755686857,0.4873701244429179,5.048490443472714
2025-05-01,199.91553967526846,193.2032233794886,205.88868497689236,198.60711302455275,184.83086805200924,0.07480479504472942,4.39526786013007
2025-05-02,199.1099067451096,192.86502482726314,204.8286720815695,197.90423260562912,184.92846052043544,0.07604039906360978,3.789869191898712
2025-05-03,198.02009968552292,191.7867480085522,204.43437591129697,199.08543137219942,185.02605298886166,-0.23567681131972024,3.237915205698149
2025-05-04,197.2331120370053,190.29928609753838,203.45158218108912,196.61483317880874,185.12364545728786,-0.27630933822885095,2.742659286566244
2025-05-05,196.8431207830089,190.73560021706598,203.28010380019552,198.44929621371878,185.22123792571406,0.04752671567801278,2.305026874638671
2025-05-06,195.93928163141751,189.38671339108745,201.82640402055188,197.96220761934188,185.31883039414026,-0.1737558846803336,1.9237258234067003
2025-05-07,195.945991916914,189.23869729917524,202.54421431495328,197.42880157876945,185.41642286256646,0.4873701244432389,1.5954225033241711
2025-05-08,194.9023835900558,188.90119190533133,201.28508354582186,195.60004315988365,185.51401533099266,0.07480479504559066,1.3149766295078777
2025-05-09,201.41404418569965,195.52662777310138,207.10715736464326,201.33248341365865,185.6116077994189,0.07604039906447585,1.0757261813094277
2025-05-10,201.40723509949584,195.01788249519444,207.8112163623257,201.30633806255526,185.70920026784506,-0.2356768113210076,0.8698124490695087
2025-05-11,198.32704486030198,191.52882015158798,204.77998006185393,198.22748559030484,185.80679273627126,-0.2763093382306365,0.6885342246790207
2025-05-12,200.4857741812354,194.87602014889796,207.25286625278522,200.38256634072167,185.9043852046975,0.04752671567832753,0.5227194728980099
2025-05-13,197.170374687493,191.0264831192317,203.7716700182875,197.07792329756123,186.0019776731237,-0.17375588467981254,0.3631024958808385
2025-05-14,197.29833134083603,190.9065141220347,203.17710923855878,197.20939098546714,186.09957007083767,0.48737012444329975,0.2006946383556455
2025-05-15,190.54019617422566,184.25281382550267,196.59272688946703,191.8551524086656,186.19716246855165,0.07480479504473062,0.027136970330136814
2025-05-16,189.83541215419868,183.32307069461316,195.57936651982908,187.77713209776698,186.29475486626563,0.07604039906393227,-0.16497588826994306
2025-05-17,188.7787567721158,182.31800918868683,194.87642646887596,188.1156391990266,186.39234726397964,-0.2356768113206816,-0.38181059629979325
2025-05-18,187.95135630296662,181.6059336211178,194.4277006292722,189.8337508566995,186.48993966169363,-0.27630933822942677,-0.6280570501920423
2025-05-19,187.44543306513958,181.5593327720005,195.02193903505054,189.9826167242364,186.5875320594076,0.04752671567826913,-0.906744395287388
2025-05-20,186.3520997672597,179.8745654395972,192.50037063417932,189.53971312477822,186.68512445712162,-0.17375588468112915,-1.219116270469867
2025-05-21,186.10149389670917,180.44790924325486,192.97775900758623,188.39969753103406,186.7827168548356,0.48737012444362077,-1.564568591771559
2025-05-22,184.74202039329788,178.40031451778864,190.49276839019458,183.74952619276337,186.8803092525496,0.07480479504572402,-1.9406512289619986
2025-05-23,183.76749181379012,177.76549716255093,190.028969555574,181.7388816168276,186.97790165026356,0.07604039906338868,-2.3431329595913315
2025-05-24,182.4591498267663,176.83963487286562,188.53073465060046,179.81715313600506,187.07549404797757,-0.2356768113201284,-2.766127156060941
2025-05-25,181.41050570107046,175.61644809587943,187.69425654696747,181.81263550417643,187.17308644569155,-0.2763093382297147,-3.20227382971398
2025-05-26,180.7256483440876,174.83869296265772,187.01452143318292,181.97024260411357,187.27067884758165,0.04752671567749878,-3.642971974828806
2025-05-27,179.506636946334,172.8276737031383,185.84821684763546,176.56784712475132,187.36827124947175,-0.17375588468060815,-4.078654673112284
2025-05-28,179.1932630156611,172.56364011472706,185.40274933740727,176.73243260972066,187.46586365136184,0.4873701244436816,-4.499098177363653
2025-05-29,177.84196111250122,172.31015752034472,184.68071633918055,175.27393768616636,187.56345605325194,0.074804795044864,-4.893755226035349
2025-05-30,176.95266731370475,170.78362947615585,183.60688814268616,172.74446938985352,187.66104845514204,0.07604039906266194,-5.252102173780116
2025-05-31,175.81061745551864,168.9128727529895,182.55648043056095,173.90387048378113,187.7586408570321,-0.2356768113198024,-5.563989174054134
2025-06-01,175.01102922217873,168.44055815903565,181.5620412663085,176.18244699943443,187.85623325892223,-0.276309338228505,-5.8199826245560216
2025-06-02,174.65732105145995,167.6630086563067,180.76527594613563,178.27307489838657,187.95382566081233,0.047526715678898726,-6.011689383265819
2025-06-03,173.84848725977983,167.14656649571359,179.9739927248665,175.42887205252146,188.0514180627024,-0.17375588468100278,-6.132052869141438
2025-06-04,174.01891431123494,167.71669857800478,181.0725397790029,174.32226566397745,188.14901046459252,0.4873701244430812,-6.175612056485895
2025-06-05,173.21741564027903,167.11006405834905,179.8672374681813,174.61381484612053,188.2466028664826,0.07480479504493069,-6.1387155261635025
2025-06-06,172.93428003922878,167.10100285175253,178.9700451505446,176.59599266546107,188.344195264512,0.07604039906352797,-6.0196841133970995
2025-06-07,172.4433197832604,165.52275858471293,178.50433677739116,174.99823708180912,188.44178766254137,-0.23567681132108975,-5.8189172479030935
2025-06-08,172.32685490198594,166.01577712879006,178.6271065157794,174.21724462850992,188.53938006057078,-0.276309338228793,-5.538939769842553
2025-06-09,172.67427751359114,167.20126941769988,178.70234348326653,171.0504917489407,188.63697245860018,0.04752671567812833,-5.1843877732149855
2025-06-10,172.56980531780516,166.32698590167232,179.11065641194992,167.63467593752125,188.7345648566296,-0.17375588468048175,-4.761933824108435
2025-06-11,173.4326980107917,167.04021160446186,180.0998742435726,169.48184914565476,188.832157254659,0.4873701244431421,-4.280153670934716
2025-06-12,173.29670232564115,166.76681157625922,179.4887173184166,173.174859014961,188.9297496526884,0.07480479504407067,-3.7493382561495596
2025-06-13,173.63750881629758,167.37773060403634,179.47517812320277,173.1557130620969,189.0273420507178,0.0760403990629844,-3.181256404248885
2025-06-14,173.71519480126963,167.63289246522962,180.00418719476926,175.5670832578832,189.12493444874715,-0.2356768113191503,-2.588874954839514
2025-06-15,174.09957868081625,167.7379817716561,179.83274975728114,176.33089027799397,189.22252684677656,-0.2763093382293727,-1.9860442928555107
2025-06-16,174.86911909832125,169.0499723335591,181.05356420819322,174.42336523782507,189.32011924480597,0.04752671567915514,-1.3871581679719243
2025-06-17,175.09895877790777,168.39186039706752,181.65192831880364,175.22787196838118,189.41771164283537,-0.1737558846799607,-0.8067973673686163
2025-06-18,176.20137890343904,169.9863605833034,182.21014200846423,179.27476920399602,189.51530404740532,0.4873701244434631,-0.2593671931189398
2025-06-19,176.20542340765664,169.57674931190277,182.61908917065034,179.04111748764205,189.6128964519753,0.07480479504413737,0.24126121013756532
2025-06-20,176.58447181677758,170.3049982390322,182.6904755420323,183.18111035131608,189.71048885654528,0.07604039906507695,0.682095829355391
2025-06-21,176.5987323395443,170.506179790789,182.93916736433465,175.84052638532964,189.80808126111523,-0.23567681132043766,1.0513456916550772
2025-06-22,176.82057971627063,169.99597795284777,182.9920861418813,178.02219148442452,189.9056736656852,-0.2763093382296607,1.338711085539375
2025-06-23,177.33337248890876,171.3902223832152,184.03137081785675,178.23859341127275,190.00326607025517,0.047526715678384755,1.5356344583413042
2025-06-24,177.21935258939914,171.42443534355635,182.99911512598462,176.98344263293865,190.10085847482512,-0.1737558846798976,1.6355055465770765
2025-06-25,177.89989792339998,171.29923892480397,183.78967589911323,177.25603199902807,190.19845087939512,0.4873701244432637,1.633815658832335
2025-06-26,177.4148937580281,171.45288992365536,183.7074692669725,171.86404198182757,190.29604328396508,0.07480479504499858,1.528257521182127
2025-06-27,177.2500092790567,171.26484441062573,183.15700345122335,170.84135917560477,190.39363568853503,0.0760403990631237,1.3187686672622012
2025-06-28,176.67885998825994,170.53648007908367,182.4749449148264,171.77446367150458,190.491228093105,-0.23567681132172502,1.0075179617017345
2025-06-29,176.28799018851782,169.7317210107969,182.3615960289004,175.66603401487833,190.58882049418395,-0.27630933822845094,0.5988364386499365
2025-06-30,176.17532056275348,170.1697772038719,182.28587414786364,174.25385010786178,190.6864128952629,0.04752671567869953,0.09909517005579031
2025-07-01,175.43767427058214,168.82275214694826,181.7010851093802,172.30416895763813,190.7840052963418,-0.1737558846802985,-0.48346569324286326
2025-07-02,175.5106627623114,168.97352816706186,182.19717703739008,170.97798771832726,190.88159769742074,0.48737012444358474,-1.1389512809453604
2025-07-03,174.44770720744987,168.7262410027204,180.6579784037075,173.19139690344036,190.97919009849966,0.07480479504599198,-1.8560632334905722
2025-07-04,173.74699133935908,168.03880353493875,180.1387338673766,173.98384088371463,191.0767824995786,0.07604039906398975,-2.6223803801463252
2025-07-05,172.69333487900272,167.14916220620742,178.99171280299288,172.4681604676422,191.17437490065754,-0.23567681132139898,-3.42466078166813
2025-07-06,171.88292910611386,166.01518075729328,178.34363243324484,173.72511992365713,191.27196730173648,-0.2763093382302365,-4.2491566420182005
2025-07-07,171.42158551295225,165.56825862953076,177.8964013619743,173.87062270145785,191.3695597028154,0.04752671567901435,-5.081933437141269
2025-07-08,170.4121154241633,164.18176621234983,175.76394225443335,176.17812224146633,191.46715210389434,-0.17375588468069314,-5.909184707850888
2025-07-09,170.29412454754194,163.9062933643563,176.49164717196098,174.1689018680168,191.56474450497328,0.4873701244439057,-6.71753431057233
2025-07-10,169.12299949381435,162.34811540731582,175.24754018780564,173.18723867886447,191.66233690605222,0.07480479504513196,-7.494318498439208
2025-07-11,168.3968805594913,162.56736588506095,174.97885007928377,172.24770438681495,191.75992835608318,0.07604039906344619,-8.227840994039118
2025-07-12,167.3986125119822,161.252987736747,174.0691981492638,168.18461500801916,191.85751980611414,-0.23567681132245927,-8.907595185418954
2025-07-13,166.7206017296144,160.63422321416135,173.47076018636406,168.7861899621394,191.9551112561451,-0.27630933822931864,-9.524448695826782
2025-07-14,166.46323505515417,160.0128549822271,172.65163820871817,169.2937783167199,192.05270270617604,0.04752671567932913,-10.070786807293787
2025-07-15,165.72246720658853,158.77442687236388,171.4238223054725,168.99159786231553,192.150294156207,-0.17375588468017214,-10.540612518830008
2025-07-16,165.9298543967769,159.6167862641573,172.24185405653083,168.35032321531003,192.24788560623793,0.4873701244439666,-10.929602350007807
2025-07-17,165.1318032004449,158.1943313693949,171.95426556790622,164.3781689927084,192.34547705626886,0.0748047950459932,-11.235118318241083
2025-07-18,164.81682144082959,158.64118391387888,171.48026010563,163.2026113898306,192.44306850629982,0.07604039906290258,-11.456177782757974
2025-07-19,164.25774940648665,158.5083145126313,170.53791685099137,162.2537133230703,192.54065995633076,-0.23567681132051982,-11.593384021772847
2025-07-20,164.03690066077377,157.97086190089274,170.20140229222744,160.1424602241839,192.63825140636175,-0.2763093382311042,-11.648821457171103
2025-07-21,164.24475003047652,158.48028082902462,170.39043264711438,159.6639740482473,192.73584285639268,0.04752671567855873,-11.625920333379623
2025-07-22,163.9677727003552,157.50779772702046,171.17767779085625,160.7436258463011,192.83343430642364,-0.17375588468010897,-11.529296369039805
2025-07-23,164.62870426423513,157.7225466565944,170.99272872130905,165.01757571111943,192.93102576198993,0.4873701244436264,-11.364571414109419
2025-07-24,164.2659849014442,157.5097446900919,170.46769930925169,165.14629516418887,193.0286172175562,0.07480479504513318,-11.13818144884594
2025-07-25,164.3611698388182,157.60844386824098,170.46524948298614,165.40600987149693,193.12620867312248,0.07604039906235902,-10.85717835083496
2025-07-26,164.18128098093248,158.406791683084,170.6465057770171,165.0019372106446,193.22380012868874,-0.23567681132180715,-10.52903173376406
2025-07-27,164.30402699737428,158.140866800919,170.68084634692227,159.80184311196214,193.32139158425503,-0.2763093382298945,-10.161436836813149
2025-07-28,164.8165288486277,158.9712886662414,171.30298635130225,159.5440375995357,193.41898303982128,0.04752671567850035,-9.762133931854537
2025-07-29,164.80315546429057,158.876831656721,170.97674732182136,159.66838010982855,193.51657449538757,-0.1737558846800458,-9.338744038963606
2025-07-30,165.68574153161194,159.4042733494465,172.1136340291727,165.61514273485167,193.61416595095386,0.4873701244431668,-8.898624925718764
2025-07-31,165.5029539266108,158.7920199485505,171.149238109637,164.99829316065373,193.71175740652015,0.07480479504612655,-8.448750443582629
2025-08-01,165.73759330992135,159.2762598794262,172.24448116200654,166.0729304727128,193.8093488620864,0.07604039906322506,-7.99561525902587
2025-08-02,165.65881114896305,159.88242422865235,172.39305441281442,165.97911867658476,193.9069403176527,-0.23567681132148116,-7.545166004277094
2025-08-03,165.84717544743785,159.1220796989115,172.02559000779692,162.91825956183857,194.0045317653742,-0.2763093382286848,-7.102758839159605
2025-08-04,166.39322871753353,160.53199644584046,173.14015519570347,165.9069587735708,194.1021232130957,0.04752671567772994,-6.673142417740014
2025-08-05,166.38514958514966,160.3454237283809,172.05633557563468,167.928659343046,194.1997146608172,-0.17375588467998263,-6.260464325871742
2025-08-06,167.24879682504624,161.6135553783128,174.10870497607095,170.03445356919465,194.2973061085387,0.4873701244434879,-5.868298229933182
2025-08-07,167.02690884811418,160.70947727660138,172.69824496559724,167.75358729388603,194.39489755626022,0.07480479504526653,-5.499688280887393
2025-08-08,167.20625124226032,161.25312233074595,173.06549458698134,171.7928450118343,194.49248900398172,0.07604039906390798,-5.157206774117184
2025-08-09,167.05969803501299,161.33228482859883,172.13024701072615,167.87158010599148,194.59008045170322,-0.23567681132115514,-4.843020692073047
2025-08-10,167.1711845262839,160.71896128491082,173.66355357248432,169.3335318035207,194.6876718994247,-0.2763093382304704,-4.558962564526668
2025-08-11,167.63417874905016,161.62786201542005,174.33861425227366,175.1293573227091,194.7852633471462,0.04752671567912992,-4.306601075637378
2025-08-12,167.53928547612205,161.3387835424566,173.96159004971418,172.49205073824965,194.88285479486768,-0.17375588467946165,-4.087307025821112
2025-08-13,168.31426275407213,161.9941146233852,174.76864222816994,171.16452194303932,194.98044624258918,0.48737012444288746,-3.9023106118424185
2025-08-14,168.00322406878686,162.0470324410299,173.61200197858724,171.44856624948167,195.07803769031065,0.07480479504440654,-3.7527465061500904
2025-08-15,168.09381750981635,161.836577243199,174.86472242138674,170.27732542565886,195.17562907661235,0.076040399064774,-3.639683875636643
2025-08-16,167.859365588582,161.92947809325236,174.58509525159414,166.2993729862635,195.27322046291403,-0.23567681132060198,-3.5641392562906047
2025-08-17,167.8838995639857,161.98919928352132,173.87491191531578,166.68979365131233,195.37081184921573,-0.2763093382292606,-3.52707106358752
2025-08-18,168.26073163786143,161.80525799437413,174.7233330173142,164.11808474799022,195.4684032355174,0.04752671567835953,-3.5293554368240434
2025-08-19,168.08017355773512,161.67744956305495,173.8642762363911,165.47041803107078,195.5659946218191,-0.17375588468032035,-3.5717440541202916
2025-08-20,168.76967602380017,162.80864011904487,174.87974986032305,163.53003656269738,195.66358600812077,0.48737012444320843,-3.654805477985764
2025-08-21,168.37315600010317,162.35526284696257,175.1774346265482,167.7468319634816,195.76117739442248,0.07480479504539995,-3.778852464198316
2025-08-22,168.3782972212304,162.5563694099825,174.74386775673182,166.2128753928376,195.85876878072415,0.07604039906282076,-3.943858455258108
2025-08-23,168.05880120505537,161.53604259727132,174.16319546318653,165.66047568121522,195.95636016702585,-0.2356768113202759,-4.149367153230546
2025-08-24,167.99951753145484,161.8863224539935,173.5215277626136,168.0623029332169,196.05395155332752,-0.27630933822984044,-4.394399597972936
2025-08-25,168.29509097752478,162.36585605674773,174.87471870292504,165.13049278092595,196.15154293962922,0.047526715677589135,-4.677363543153518
2025-08-26,168.03772994813488,161.2675741335652,174.2175372570279,166.11833942467098,196.24913432593092,-0.17375588468025718,-4.995970107212786
2025-08-27,168.65736706038678,162.63582937166865,174.58678260260544,169.910921728313,196.3467257110646,0.4873701244432694,-5.347162668762127
2025-08-28,168.20097658854192,162.5848635619696,174.50490677503905,166.16080468164645,196.44431709619826,0.0748047950445399,-5.727062771596428
2025-08-29,168.1598328362248,162.52857849753826,173.98297250053704,167.2221130929797,196.54190848133192,0.0760403990636868,-6.130937406563934
2025-08-30,167.81168680178604,162.18300317643735,174.58261338586223,168.32500789966707,196.63949986646563,-0.2356768113199499,-6.553191455035786
2025-08-31,167.74579121712287,161.86569132336277,174.01427806669307,170.78149329973104,196.73709125159928,-0.27630933822863074,-6.9873883283454745
2025-09-01,168.06141414216256,161.51969141852243,174.43961491149642,167.96357800452597,196.83468263673294,0.04752671567898908,-7.426300941053818
2025-09-02,167.85544934543447,161.3282625172169,174.0132430068549,164.9852239212094,196.9322740218666,-0.17375588468065184,-7.861994141599864
2025-09-03,168.56239921703835,161.95527853432714,175.0866301376529,166.88456844544245,197.0298654070003,0.48737012444333017,-8.285938623603846
2025-09-04,168.23350074940413,161.75718267816882,174.75206448602117,167.74212680376226,197.12745679213396,0.07480479504540112,-8.689155191528133
2025-09-05,168.36378526515898,161.69348486748302,174.88226557942903,168.9759754242116,197.2250481772676,0.07604039906455286,-9.062387093659137
2025-09-06,168.2340564003933,162.37231553606136,173.98323226094018,170.1911198348169,197.32263956240126,-0.23567681132123727,-9.396297003290924
2025-09-07,168.4357238942381,162.33219799882383,174.7415741239182,168.7545106489721,197.42023094143104,-0.27630933822891873,-9.681684165914225
2025-09-08,169.0691409316528,162.3932479416475,175.03574434566127,169.65763387737687,197.51782232046082,0.04752671567821873,-9.9097162736435
2025-09-09,169.2310605479334,163.6879212476645,175.39106240754458,170.68985829636176,197.6154136994906,-0.17375588468105277,-10.072169814903921
2025-09-10,170.35449378483057,164.0383743978643,177.84401652656032,169.08914820616903,197.71300507852038,0.4873701244433909,-10.161672008589335
2025-09-11,170.48774627817184,163.90968065646558,177.04349471397558,174.0284855102448,197.81059645755016,0.07480479504454113,-10.17193699524409
2025-09-12,171.12142919620496,164.58104456738496,177.23959363105254,175.5737154793316,197.90818783657994,0.07604039906382615,-10.097988743790784
2025-09-13,171.5304331210091,164.67085723898785,177.31535109643383,172.71297200295092,198.00577921560972,-0.23567681131929782,-9.936363155560343
2025-09-14,172.29880518938864,165.85976371433503,179.09892003625856,174.69026121411352,198.10337059463947,-0.27630933822920667,-9.685282114835747
2025-09-15,173.51817850762626,167.12055150369173,179.76171716978774,172.40338784703303,198.20096197366925,0.04752671567816033,-9.3447927458166
2025-09-16,174.27536915440731,168.36855489458185,180.1676898242018,174.66410390653735,198.29855335269903,-0.1737558846809896,-8.916865881680204
2025-09-17,175.99242154877368,169.88371316458353,181.58986068618935,177.81986922854108,198.3961447317288,0.48737012444371197,-8.405448715457233
2025-09-18,176.70587545137266,170.60219288359784,182.990774046604,175.55288465404186,198.4937361107586,0.07480479504460781,-7.816467761612232
2025-09-19,177.89404554745227,172.32933185639095,183.5091402609962,178.42834859284582,198.5913274988237,0.07604039906469222,-7.157779580557006
2025-09-20,178.81929576230888,172.82077423298324,185.35986337338545,179.83505723015028,198.68891888688876,-0.23567681132035806,-6.439068169868961
2025-09-21,180.0532410543563,173.88275133675256,186.96052557519423,182.33938004474908,198.78651027495386,-0.27630933822949455,-5.671689464065761
2025-09-22,181.67551688434094,174.81934488022335,188.3433736670968,187.78323137260944,198.8841016630189,0.04752671567738991,-4.8684649644679325
2025-09-23,182.76172217163023,176.1570295635999,189.23822957411505,187.49767905517075,198.981693051084,-0.17375588468046857,-4.043428094570751
2025-09-24,184.72380640614077,178.8935754787656,191.72530896488573,185.20451164623833,199.07928443914906,0.4873701244435126,-3.2115283955848626
2025-09-25,185.5896638313924,178.86114088864832,191.87253444631955,182.90968111221795,199.17687582721416,0.07480479504467451,-2.3883000939176533
2025-09-26,186.83071534402453,180.71941016353912,192.99815251355102,181.06513091917424,199.27446721527923,0.07604039906273898,-1.589502840803477
2025-09-27,187.7044503892257,181.20117029508535,193.70045749560003,181.0697664863362,199.3720586033443,-0.23567681132003204,-0.8307435018692023
2025-09-28,188.77985228269193,182.67168893649196,195.5993929858794,182.19130363367935,199.46964999140937,-0.2763093382282849,-0.1270887231916321
2025-09-29,190.13633901813154,183.5479610932747,197.07524328288213,183.13983932602738,199.56724137947447,0.04752671567878988,0.5073214114144954
2025-09-30,190.8518183688983,185.03220123255363,196.9181234804887,185.6093692407103,199.66483276753954,-0.17375588467994754,1.0596480138894164
2025-10-01,192.3431225351979,186.05518903966583,198.63667794266468,185.91735567513444,199.76242416730452,0.48737012444317246,1.5187056965560175
2025-10-02,192.6455814822507,186.70229710181582,198.48666673643888,189.80952418618335,199.86001556706952,0.07480479504474118,1.8752822361239432
2025-10-03,193.24051390495626,187.21332364340427,199.0754260005292,189.43050024058454,199.9576069668345,0.07604039906360502,2.1224159010923174
2025-10-04,193.39760814613817,187.5289445964852,200.03690122263743,197.26194518218713,200.0551983665995,-0.23567681132131937,2.2556216601613186
2025-10-05,193.700118761971,187.38173627752963,200.07004047569995,199.3159758876684,200.1527897663645,-0.27630933823007037,2.2730586807381816
2025-10-06,194.24351501494687,188.3042632603234,199.9704765088025,197.03428940436604,200.2503811661295,0.04752671567873152,2.1756329678808903
2025-10-07,194.1231862924162,188.01825473017104,199.87608110007858,194.19954018768678,200.34797256589448,-0.17375588468034223,1.967030648516913
2025-10-08,194.77447770445173,188.88285256934444,201.31624830159578,196.09787884338976,200.4455639656595,0.48737012444323324,1.6536792305604044
2025-10-09,194.25182471386984,186.9164606990743,200.76736218376084,194.8870915191588,200.5431553654245,0.07480479504560239,1.2446361118059823
2025-10-10,194.05577665977566,188.62184772587494,200.67725814305686,197.20436976716348,200.64074676518948,0.07604039906306143,0.751405625884161
2025-10-11,193.4748937669291,187.4438129152725,199.51773185657072,198.9436467075042,200.7383381649545,-0.23567681132260676,0.18768793493782324
2025-10-12,193.1104558959889,187.50301222253313,199.59190445977734,199.09986603486055,200.83592925744077,-0.2763093382291526,-0.43093494717848746
2025-10-13,193.07463421300668,187.28448400047145,199.22607293099028,197.0005399126352,200.93352034992702,0.04752671567904629,-1.0873688492514741
2025-10-14,192.47774110000555,186.07041596633005,198.94607476016262,192.91476184697498,201.0311114424133,-0.17375588467982123,-1.7634239970826782
2025-10-15,192.76784769152528,186.0508267868026,199.278153473986,191.9837676493481,201.1287025348996,0.4873701244435544,-2.4402680788773163
2025-10-16,192.0095486912327,185.33730824613903,198.01988139139746,195.13377353626657,201.22629362738587,0.0748047950456691,-3.0989042430391147
2025-10-17,191.71067588473883,185.71828769510523,197.9113634297878,195.20784852060328,201.32388471987215,0.07604039906374431,-3.720661522016842
2025-10-18,191.16395475416397,184.7372764358767,197.7908088331778,192.06467017860058,201.42147581235844,-0.23567681132066734,-4.287684582128427
2025-10-19,190.97155082603976,184.9493616968446,197.36294501519367,192.94111051611443,201.5190669048447,-0.2763093382294405,-4.783409463307537
2025-10-20,191.24316145523449,185.15956603903297,197.9498320004184,194.41193519963022,201.61665799733095,0.04752671567827594,-5.193012107168204
2025-10-21,191.0832752802184,185.04686088004797,197.82117205292752,190.33922151576945,201.71424908981723,-0.173755884679758,-5.503816980096983
2025-10-22,191.93088713103432,185.55915216106206,198.92330422122313,190.546152117386,201.8118401823035,0.4873701244438753,-5.705653971955656
2025-10-23,191.8384485926771,185.40763422091075,198.12102682568943,191.31743669652437,201.9094312747898,0.07480479504480908,-5.79115297227191
2025-10-24,192.29885185079317,185.13137683908593,198.33778064248042,188.15675905086084,202.00702234671238,0.07604039906320074,-5.755967065550087
2025-10-25,192.58743544683543,186.16862173869694,198.6597159549897,188.9479236762624,202.10461341863493,-0.23567681132195467,-5.598917107444289
2025-10-26,193.2869501921548,186.73534926664908,199.18129663172525,190.30480412367416,202.20220449055748,-0.27630933822972836,-5.322052496940574
2025-10-27,194.48613086909592,188.3266831616956,200.80187632355555,193.1270697246322,202.29979556248006,0.0475267156785907,-4.930625192141469
2025-10-28,195.26748372291922,188.96525934392633,201.1667276758446,195.93959621057584,202.3973866344026,-0.1737558846806168,-4.4329763685563925
2025-10-29,197.04756388069293,191.06218135191108,203.2754352659591,192.18415554073792,202.49497770632516,0.48737012444367594,-3.840337524508307
2025-10-30,197.85650805745672,191.84637272000057,203.89175404568087,189.7478476134851,202.5925687782477,0.07480479504580248,-3.1665502311459224
2025-10-31,199.165604577029,193.36391229574457,204.92781514471312,191.13115495525784,202.6901598501703,0.0760403990640668,-2.4277110375145767
2025-11-01,200.22987326117433,194.29104549602732,206.56869394277072,192.69413051365748,202.78775092209284,-0.23567681132162863,-1.6417502073664567
2025-11-02,201.61357776433846,195.6154223461409,207.66223821072154,194.27728325605088,202.8853419940154,-0.2763093382303082,-0.8279549213007891
2025-11-03,203.38930043799132,196.59525168854103,209.13612489143821,205.34524036775693,202.98293306593797,0.04752671567782032,-0.0064492673050056916
2025-11-04,204.62617547007545,198.82736644400376,210.72262842826083,206.81710704978767,203.08052413786052,-0.1737558846805536,0.8023552861862039
2025-11-05,206.73054144290083,199.9780755541644,213.20933348176763,210.58935508966405,203.1781152049677,0.487370124443997,1.578324231044164
2025-11-06,207.72576750197348,200.6497607560485,214.05895963707357,213.6522330806771,203.27570627207487,0.07480479504494247,2.3021638550973087
2025-11-07,209.08002603620025,202.5754154258871,214.47933442587353,215.95658433869875,203.37329733918207,0.07604039906352322,2.955969055336313
2025-11-08,210.0489777873687,203.81655254797676,216.1622008153432,215.36405629743393,203.47088840628922,-0.23567681132107546,3.52373984094839
2025-11-09,211.2012878708403,205.36180466295394,217.72252934787662,218.16457126926878,203.56847947339642,-0.27630933823059606,3.9918518947104573
2025-11-10,212.61760148495463,206.78666334898392,219.10816141071786,216.1428503871371,203.6660705405036,0.047526715679220274,4.349467631555757
2025-11-11,213.37857657410274,206.80263527623194,219.45507331770455,215.56827629986577,203.7636616076108,-0.1737558846800326,4.588875652303025
2025-11-12,214.90523893657192,208.33523063216782,220.70335047398245,214.9224043876298,203.86125267471797,0.4873701244431364,4.705748303228773
2025-11-13,215.238421024358,209.03442779909201,221.15911069128663,215.30725508022712,203.95884374182515,0.0748047950458037,4.699309171120314
2025-11-14,215.8660670338438,209.4738940650403,221.6445641261816,222.12424551180408,204.05643480893232,0.07604039906438925,4.572404714369619
2025-11-15,216.0653821394768,209.81032526700855,221.99281575648396,216.36926645862957,204.1540258760395,-0.23567681132074947,4.33147678948965
2025-11-16,216.4277583731147,209.68178269539555,222.7133369529839,218.80941405361676,204.25161693218547,-0.276309338230884,3.986435510976056
2025-11-17,217.05712164238182,210.01858159390446,223.59467735017594,214.03084237652698,204.34920798833147,0.047526715678449884,3.550434607104546
2025-11-18,217.0573139500723,211.59064402772498,223.52356576960278,212.93049685619067,204.44679904447744,-0.17375588467996947,3.0395541302781264
2025-11-19,217.87179410605157,211.63095707824235,223.8851877270746,216.82329199452414,204.54439010062342,0.4873701244434574,2.472397972780576
2025-11-20,217.56243611647022,211.33050887727674,223.559263735141,217.36791844791844,204.6419811567694,0.07480479504587037,1.8696160545611884
2025-11-21,217.6362256573296,211.22909903866548,222.74408806684676,214.66685908743003,204.73957221291536,0.07604039906243605,1.2533632201505835
2025-11-22,217.3868495913515,211.31503668183242,223.02162308188093,213.07704210953906,204.83716326906136,-0.23567681132042345,0.6467087447897567
2025-11-23,217.41912697689935,210.88975660851398,223.93059889150183,215.79702614394114,204.9347543252073,-0.27630933822967435,0.07301185093256166
2025-11-24,217.84694031822005,211.15490708925623,223.92660692242728,214.2560529960213,205.0323453813533,0.047526715678391486,-0.44472026944963544
2025-11-25,215.9256819559152,209.68880036638177,221.9353436158428,215.94488686898745,205.12993643749928,-0.17375588467944847,-0.8844747776401952
2025-11-26,216.99965883486925,210.60691229892146,223.36661676179526,217.0209793734977,205.22752749364525,0.48737012444351824,-1.2258585156288995
2025-11-27,215.96976230184313,209.7826282604156,221.67610127108549,216.0201226303578,205.3251185497912,0.07480479504593707,-1.4506892783479668
2025-11-28,223.51415042809663,216.93855581093908,229.47945393213791,223.53183681745895,205.42270961008836,0.07604039906330208,-1.543536719211907
2025-11-29,226.4610539949298,219.97113064263482,232.55677677779659,226.45511058795438,205.52030067038552,-0.23567681131987028,-1.4921977769409875
2025-11-30,221.0588525568678,214.36572038028416,227.6107285053574,221.05958881885195,205.61789173068266,-0.2763093382284646,-1.2880931327837934
2025-12-01,220.83170133089016,214.8384218378622,226.9876654013348,222.64691813333476,205.71548279097982,0.047526715678706276,-0.9265732087530252
2025-12-02,221.4760035096868,215.47051611530335,227.32742097443852,221.26818282817942,205.81307385127698,-0.17375588467984307,-0.4071245471175397
2025-12-03,223.11529854693651,217.38028001952534,228.800889981964,224.96253587772827,205.91066491157414,0.487370124443579,0.2665299923842244
2025-12-04,223.78459084783924,217.6726810020972,230.01694859220393,223.64897775658724,206.00825597187128,0.07480479504507705,1.0864409877234895
2025-12-05,224.95859410355538,218.59423732532838,231.3144614726713,224.35507304903237,206.10584703216844,0.07604039906398496,2.0405530167630173
2025-12-06,225.89412952366237,219.49265221279265,232.17033188977535,226.87717736888695,206.2034380924656,-0.23567681132115764,3.112933922800954
2025-12-07,227.15550177639088,220.92801865410556,233.6727372832635,230.50540127599047,206.30102915276277,-0.27630933822875253,4.284107759179796
2025-12-08,228.8134871450749,221.78930558973317,235.51205143666635,227.75111157935453,206.3986202130599,0.04752671567902108,5.531483585982842
2025-12-09,229.9335328620345,223.42101622698482,235.98371345953544,227.85502707682318,206.4962112801962,-0.17375588468070183,6.829869684325939
2025-12-10,231.91643063332222,225.53155232446406,238.82673904168595,227.301901537246,206.59380234733254,0.4873701244429787,8.152060413512606
2025-12-11,232.7782191201078,226.72295173318508,239.22733412156646,226.8361703972164,206.69139341446885,0.07480479504421705,9.469480928800705
2025-12-12,233.97808738740446,228.56089694781562,240.02837128564857,233.03788119345097,206.78898448160518,0.07604039906344137,10.752873358972002
2025-12-13,234.76124296286997,228.2269687260099,240.91192928309084,235.0721552913527,206.8865755487415,-0.23567681131921817,11.973006858966672
2025-12-14,235.68465939407525,229.47116699293463,241.84655335863957,231.9139439285539,206.98416661587783,-0.27630933822904047,13.101393238082082
2025-12-15,236.81632719206917,231.3321143832188,242.72848441450594,235.32145180009087,207.0817576830141,0.047526715678250654,14.110989639152102
2025-12-16,237.2235993759968,230.6088663931862,243.00897301885377,242.33480010859157,207.17934875015044,-0.17375588468063868,14.976870017320008
2025-12-17,238.31389003190097,232.1766787935733,244.71123287758726,246.31959842107585,207.27693981728675,0.4873701244432997,15.676847931908885
2025-12-18,238.1144791928039,232.5284912990328,243.967956019127,241.7272809985867,207.37453088442308,0.07480479504428372,16.192034402395933
2025-12-19,238.10019802370616,232.07995124011754,244.8824790017443,240.5848233516778,207.4721219515594,0.0760403990628978,16.507316257030187
2025-12-20,237.53596307926415,231.87204324550572,243.7693869568673,244.83782382265238,207.5697130186957,-0.23567681132050555,16.611742475144244
2025-12-21,242.89732961223285,237.004846744221,248.97149058942423,242.79275004890437,207.66730407007833,-0.2763093382296202,16.49880843629096
2025-12-22,244.29413342821064,237.73557694300231,250.31425887043525,244.2802548957756,207.76489512146097,0.04752671567748029,16.166630675479777
2025-12-23,246.8050581849489,240.62790312280617,253.1091912658423,246.78864121016662,207.86248617284357,-0.17375588468011763,15.61800763117673
2025-12-24,243.52768850185822,237.5183753863234,249.62878592461752,243.5116470475178,207.9600772242262,0.4873701244431003,14.86036488270918
2025-12-25,243.10527396295976,236.63824805298546,249.0342554002767,243.09173980938246,208.05766827560885,0.0748047950443504,13.905586424333098
2025-12-26,232.55559729736427,226.33227358167707,238.6142118973275,232.54729355510665,208.15525932699148,0.07604039906358072,12.769736530956113
2025-12-27,228.51218375403792,222.09437244852703,234.9786185534946,228.4506377268647,208.25285037837412,-0.23567681132017954,11.472679653358519
2025-12-28,227.48204724569845,221.15304583831477,233.29141963441913,226.6055226394907,208.35044142975673,-0.2763093382284106,10.037608459964504
2025-12-29,221.8075900119938,216.2490217386556,228.31907406808094,221.7653513632794,208.44803248113936,0.047526715677795095,8.490492544175874
2025-12-30,226.05490718375955,219.90437647478407,232.59059277938124,226.01212317732515,208.545623532522,-0.17375588468005446,6.859462376184088
2025-12-31,220.68660347367813,214.52829716429127,226.5910370792102,220.66210190560366,208.64321458390464,0.48737012444342137,5.17414473901949
2026-01-01,200.83803196077454,195.07414406553417,207.23537545335947,200.88460265370458,208.7408056352873,0.07480479504521162,3.464967106175485
2026-01-02,201.25786114543513,195.0980097882341,207.5119046634461,201.29043428232603,208.83839669430313,0.0760403990630371,1.762449159069534
2026-01-03,205.7791138302043,199.5959025363465,212.30454636280746,205.7893144216277,208.93598775331898,-0.23567681132146692,0.09649988769126348
2026-01-04,212.99057316441892,206.689051765736,219.57844966754416,201.89437635345928,209.03357881233484,-0.2763093382301961,-1.5042615386467215
2026-01-05,211.45748537875258,205.37723190271163,217.47582380913383,205.59131154046992,209.13116987135066,0.047526715679907065,-3.0131436938504526
2026-01-06,209.52236030666492,203.4558327360505,216.24129733091175,205.99195406211626,209.22876093036652,-0.17375588468091321,-4.405963395911734
2026-01-07,208.63642758648996,202.20819839691643,215.68119900222737,202.95854032820267,209.32635198938237,0.4873701244434822,-5.661554229625745
2026-01-08,206.8636696154855,200.53678119109733,213.37693393148942,204.369741295124,209.42394304839823,0.07480479504435163,-6.762190582979519
2026-01-09,205.70769759143562,199.15440343831474,211.5969021654083,205.29299210571403,209.52153410741408,0.07604039906390317,-7.693917069080034
2026-01-10,204.45367323168912,198.14983563030023,210.31253834035087,203.86471528047673,209.61912516642994,-0.23567681132114088,-8.446775850562105
2026-01-11,203.69321407753313,197.3687463096285,209.48298434038952,204.3975590786363,209.7167162254458,-0.27630933822898646,-9.01492721923672
2026-01-12,203.52292654168954,197.61650791225327,210.21728123285013,203.61323261726184,209.81430728446165,0.04752671567913668,-9.396661731067145
2026-01-13,203.0321749286356,196.8140305915767,208.5419875468045,203.92679522965688,209.9118983582974,-0.17375588468085004,-9.594305172726585
2026-01-14,203.64335805840776,197.13398410799644,210.28325801781696,206.18246149682923,210.00948943213314,0.48737012444380323,-9.614020558572872
2026-01-15,203.3914561951386,197.17267808946266,209.77141779703248,210.85255796807368,210.10708050596887,0.074804795045345,-9.465514144232857
2026-01-16,203.75162708839267,197.10028132174656,210.1491419002596,207.0767717884025,210.20467157980463,0.07604039906194994,-9.161655018028572
2026-01-17,203.98182055695494,197.38170317385,209.91304666392682,213.75372041109702,210.30226265364035,-0.2356768113205877,-8.718020123220196
2026-01-18,204.64833098944706,198.88008945564297,210.92833323831442,208.2646435843058,210.39985372747608,-0.27630933822927434,-8.15237850936904
2026-01-19,205.82491480032388,199.70035026982308,212.4094185608642,208.26598284921008,210.49744480131184,0.04752671567836629,-7.484130157102075
2026-01-20,206.5810658062382,199.98070164829375,212.2999501749395,210.46607682177734,210.59503587514757,-0.17375588468032901,-6.733715825591174
2026-01-21,208.3227072646016,202.16286288752912,214.55824770758448,211.99496768543045,210.6926269489833,0.487370124443864,-5.9220150068352
2026-01-22,209.07205280223113,203.3315289239741,215.70452757062105,210.901644674341,210.79021802281906,0.07480479504527954,-5.069749219917875
2026-01-23,210.29540777932618,203.83439343180842,216.369199566014,211.02088402205533,210.8878090966548,0.07604039906281601,-4.196907539369266
2026-01-24,211.2458761408142,205.2572401973459,217.9520522981777,210.12614480949446,210.98540017049052,-0.23567681132026166,-3.3222104367130023
2026-01-25,212.48889106890152,206.21403615766997,218.27574220163436,209.00569570417653,211.08299125991567,-0.2763093382280647,-2.4626267482317346
2026-01-26,214.1011985333227,207.65317001238904,221.11841115371047,212.1146622994604,211.1805823493408,0.04752671567868108,-1.6329569028408608
2026-01-27,215.1588921461067,208.23616167265422,221.33013623528615,213.63501854923595,211.27817343876595,-0.1737558846807237,-0.8454935012863614
2026-01-28,217.0777661769541,211.10133598919862,223.33937940018166,213.5942709109382,211.37576452819107,0.48737012444326366,-0.10976799114642974
2026-01-29,217.8927500402754,212.01487924369647,224.4451490228902,216.9112009875132,211.4733556176162,0.07480479504627291,0.5676104004966104
2026-01-30,219.08520919726163,212.35545208663197,225.32596433448518,214.42691649268681,211.57094670704137,0.07604039906368204,1.1830200586965884
2026-01-31,219.92509295424998,213.35125459967526,226.13190717484017,217.32213260521084,211.6685377964665,-0.23567681132154902,1.7357961049182549
2026-02-01,220.9958644509406,214.95683294379137,227.53413110806252,219.73981150412084,211.76612888589165,-0.27630933822835263,2.228105489805613
2026-02-02,222.39286008200756,216.08911944296042,229.46460189573588,217.7795674911962,211.86371997531677,0.0475267156775375,2.6647330382962977
2026-02-03,223.2106952248401,216.90501433119894,229.4876707768115,218.757937601837,211.9613110647419,-0.1737558846802027,3.0527860209159945
2026-02-04,224.883001924296,218.36287462516103,231.14361155134156,221.89423474625534,212.05890215416704,0.4873701244433245,3.4013271834187657
2026-02-05,225.46127988968055,219.3404764842854,232.15992609938797,224.13983892270866,212.15649324359217,0.07480479504541289,3.720948226736918
2026-02-06,226.44166285008566,220.40540299212026,232.3197788620567,225.46008447173833,212.25408433301735,0.07604039906313848,4.023297432165681
2026-02-07,227.1065963149759,220.91779742346458,233.68925985749203,226.79191648442722,212.35167542244247,-0.2356768113196096,4.32057642512911
2026-02-08,228.04937563559648,221.756817774068,234.262511697133,231.60898045377735,212.4492665118676,-0.2763093382304299,4.625021928453342
2026-02-09,229.37220286447416,223.31102692215651,235.09432843299797,230.6360376321343,212.54685760129274,0.04752671567893749,4.948388749222248
2026-02-10,230.17338787451115,224.02344109021965,236.7132564249015,232.56688383149458,212.64444869071787,-0.1737558846796817,5.301450162003923
2026-02-11,232.90726704536917,226.57291198684246,239.19277290025985,232.85889940133583,212.74203978014302,0.4873701244436455,5.693531298712077
2026-02-12,231.57948175912964,224.90176304829504,238.32740659789994,231.56289360477152,212.83963086956817,0.07480479504547959,6.132090148516163
2026-02-13,235.89466904280908,229.13966752144867,241.97177697152858,235.8549881096595,212.9372219589933,0.07604039906523097,6.62235933996748
2026-02-14,238.40044241449536,232.20225383637484,244.55623075142498,238.3417220439366,213.03481304841844,-0.23567681132089696,7.167060063527955
2026-02-15,240.76636658218897,234.99893861093034,247.17990010129066,240.70279722120512,213.13240413784357,-0.2763093382307179,7.76619734905397
2026-02-16,244.62500443607996,238.70972711109428,250.7639698799453,244.55876510967792,213.22999522726872,0.04752671567816708,8.416943501273055
2026-02-17,238.27620795958558,232.06809058871275,244.36633819503263,244.1740625636018,213.32758631669384,-0.17375588467961847,9.113613886877609
2026-02-18,240.20030184366007,234.64178915714928,246.84259451562156,246.77354505784615,213.425177406119,0.48737012444344613,9.847736534639617
2026-02-19,241.05031876456147,234.5254386780371,247.22711653302892,245.254162346964,213.52276849554414,0.07480479504554627,10.608214233431887
2026-02-20,242.298832171478,236.20430513291365,248.55911506259739,246.3782585612875,213.62035958496926,0.07604039906327777,11.381575072378057
2026-02-21,243.2023276831851,237.24815838340112,249.31274672349932,245.70412175689015,213.71795067439442,-0.2356768113221843,12.152304740765752
2026-02-22,244.3266503537379,237.70245145158486,250.8138162311415,245.73416223754558,213.81554176381954,-0.27630933822950826,12.90325146852291
2026-02-23,245.74602967220594,239.068994136919,253.16790561543553,247.38481731588183,213.91313285324466,0.047526715678481865,13.616092310631652
2026-02-24,246.53127855574184,239.93458514306369,252.89348007508792,243.66093077693844,214.0107239426698,-0.17375588468001943,14.27184762303802
2026-02-25,248.09042754818188,241.70340464708644,254.18556910569455,250.25320637178638,214.10831503209496,0.48737012444310596,14.851429096881331
2026-02-26,248.44854802968518,242.55398824539685,254.32590510920312,245.9775909160485,214.20590612152012,0.07480479504561299,15.33620565403945
2026-02-27,249.07553662681707,243.33514523118924,256.076953166486,241.6376481506869,214.30349721094524,0.07604039906414382,15.70857089099415
2026-02-28,249.22882557452476,242.9197202484922,255.16069160462416,245.01375109824212,214.40108830037036,-0.23567681132185825,15.952495607209297
2026-03-01,249.47893610079478,242.99016567674684,255.3347770685855,247.2712273005008,214.4986793897955,-0.27630933823008796,16.054049272949932
2026-03-02,249.9085019011452,243.473580291678,255.41657657406583,249.0411908960331,214.59627047922066,0.047526715678796655,16.00187507120489
2026-03-03,249.60035804088773,243.42603823520662,255.74521042588492,249.5115455501923,214.69386156864581,-0.173755884680414,15.787604366537524
2026-03-04,249.97795867757713,243.42741376511324,256.1405919307558,249.16945733715593,214.79145265807094,0.4873701244429066,15.40619807627825
2026-03-05,249.08488263195017,242.7746680288979,255.27300496360095,245.3656151536409,214.88904374749606,0.07480479504475294,14.856204400420397
2026-03-06,248.4122071161854,241.50109556206738,255.21198279610084,245.88280478582337,214.9866348369212,0.07604039906360026,14.1399246499485
2026-03-07,247.24072515936578,240.45190583831314,253.0220984191097,243.21408608347124,215.08422592634633,-0.23567681132130516,13.26348143472912
2026-03-08,246.16593695523554,239.84984020688546,252.62511242146564,246.21030751812515,215.1818170157715,-0.2763093382288783,12.236786160329585
2026-03-09,245.2964573494203,238.78512244917175,251.7216003522743,245.44008305617274,215.2794081051966,0.04752671567911143,11.073405562673473
2026-03-10,243.74145152383034,237.24418503775138,249.76965713865005,243.42188295249778,215.3769991946218,-0.17375588467989306,9.79032980182069
2026-03-11,242.95038009019396,236.05323065152135,249.10222672549895,241.84314606264465,215.4745902840469,0.48737012444322764,8.407647363373357
2026-03-12,240.9918310396603,233.84921092097755,247.17715576531646,242.84554241119616,215.57218137347206,0.07480479504561416,6.948134601164623
2026-03-13,239.38023735838215,233.33757764019788,245.26728271132413,240.48764388702017,215.66977246289719,0.07604039906305665,5.436770126189025
2026-03-14,237.41747391384084,231.52222773207484,244.1484795233512,237.5866907585089,215.7673635523223,-0.23567681131936566,3.9001863375686003
2026-03-15,235.71728096020357,229.18066225162787,241.82934424966908,238.28052215272388,215.86495464174746,-0.27630933823066384,2.3660721439294594
2026-03-16,234.40317218362605,228.69584424087245,240.64034273085068,238.9956120304416,215.9625457311726,0.04752671567834106,0.8625422894804637
2026-03-17,232.59545319150828,225.93631905808994,238.37467872306513,237.38154779472197,216.06013682059776,-0.17375588467982986,-0.5825103595111563
2026-03-18,231.75064326261702,225.0954860631815,237.9848855176771,235.12165315122863,216.15772791002288,0.48737012444354866,-1.942062720337744
2026-03-19,229.94008684756164,223.36965889370992,236.1413907818293,234.0163343269347,216.255318999448,0.07480479504475417,-3.190592714784417
2026-03-20,228.6765598615894,223.0732951980609,234.80709780149158,229.07256832213764,216.35291008887313,0.07604039906251303,-4.3046773617087775
2026-03-21,227.25586762720457,220.78892644493376,233.37812774255084,224.2004477222268,216.45050117829828,-0.23567681132065305,-5.26354217979312
2026-03-22,226.28138200327186,220.285257977016,232.64056811197096,221.6159427851507,216.54809226772343,-0.27630933822945414,-6.049547644798368
2026-03-23,225.86217274650068,219.6804315751044,232.10831789635515,220.6460600086857,216.64568335714858,0.047526715678282656,-6.648600137129058
2026-03-24,225.10035315751574,219.1113576337354,231.38796289101765,221.66183114488032,216.7432744465737,-0.1737558846806886,-7.050476845275496
2026-03-25,225.4309241692525,219.54846918141067,231.6530469224127,227.3870260934311,216.84086553599886,0.48737012444334926,-7.249056400675064
2026-03-26,224.90089214805886,218.10801363949463,231.31401123803352,229.06852849568367,216.93845662542398,0.07480479504574757,-7.242449545123299
2026-03-27,224.99645198802475,218.61281281942314,230.78301535107826,229.40810109586246,217.03604771484913,0.07604039906337912,-7.03302680235608
2026-03-28,224.98521703150638,218.8602801247589,231.13371357688246,229.51103912119595,217.13363880427426,-0.23567681132009993,-6.627342866235107
2026-03-29,225.44142659443685,219.1548505540106,232.17255613251493,226.4182926811339,217.2312298936994,-0.2763093382282445,-6.035960153165496
2026-03-30,226.44476841781034,221.00195155330104,233.15717019268078,226.533286387063,217.32882098312456,0.04752671567751229,-5.273176620553574
2026-03-31,227.0684178994092,220.84966969750093,233.3572317834314,226.5230572384186,217.42641207254968,-0.1737558846806255,-4.356665453282035
2026-04-01,228.71956009418852,222.0515461550552,235.08073793348152,228.56882705376412,217.52400316197483,0.4873701244436703,-3.307036498444829
2026-04-02,229.4191521129729,223.38763984746038,236.00384936053433,225.15903653358984,217.62159425139996,0.07480479504488755,-2.1473313233585722
2026-04-03,230.6297008698537,224.6652700712788,236.25884621578555,226.94463608730564,217.71918534082508,0.07604039906406201,-0.9024654298604994
2026-04-04,231.59802254258884,225.55770833327685,238.54555893092552,231.99257227851365,217.81677643025026,-0.23567681132138726,0.4013675640488313
2026-04-05,232.8809012252473,226.9270122450679,239.31481454636068,231.80287491947055,217.91436751967538,-0.27630933823003,1.7373140989901286
2026-04-06,234.54427301688258,228.03074905769608,241.11797462449408,233.29480480701835,218.01195860910053,0.04752671567891225,3.0784850971535764
2026-04-07,235.6515288335901,229.5992182259831,242.45370230124462,235.75060990207012,218.10954969852565,-0.17375588468056227,4.398570535452737
2026-04-08,237.60419609242976,231.08252086208063,243.1897255512662,,218.20714078795078,0.4873701244430699,5.67242851871951
2026-04-09,238.42175392301587,232.32750327046898,244.95693508111552,,218.30473187737593,0.07480479504402754,6.8766340728057935
2026-04-10,239.56935680701844,232.72686812023085,245.58536717799043,,218.40232296680105,0.0760403990635184,7.989974141261149
2026-04-11,240.30043585906492,233.94506027766687,246.67345367318697,,218.49991405622623,-0.23567681132106125,8.993876888301141
2026-04-12,241.18210087149367,235.1160115237233,247.8639973904487,,218.59750514565135,-0.2763093382288203,9.872765336807465
2026-04-13,242.29397762171294,235.6580092529673,248.1948168201967,,218.69509623507648,0.04752671567814184,10.614327546628486
2026-04-14,242.71608434153356,236.61037945358984,249.7489930576561,,218.79268732450163,-0.17375588468049905,11.209697902063205
2026-04-15,243.86902014851015,237.2031935096799,250.13054259972975,,218.89027841392675,0.48737012444339095,11.653546560787937
2026-04-16,243.79323441334304,237.8240519283812,250.0374341584408,,218.9878695033519,0.07480479504502091,11.944076648637026
2026-04-17,243.9761675327839,238.29045184988667,249.79556690338705,,219.08546059277705,0.07604039906156515,12.082931294772328
2026-04-18,243.6942486944869,237.04550264452985,250.40751246440755,,219.18305168220218,-0.2356768113207352,12.075015019386171
2026-04-19,243.53769046740547,238.04154446312822,249.6664622868524,,219.28064277162733,-0.27630933822940007,11.928236245115766
2026-04-20,243.6087312952641,236.83620474806594,249.49206907416203,,219.37823386105248,0.04752671567916867,11.653179741744859
2026-04-21,243.00894577656638,236.705252051598,249.46227640505134,,219.4758249504776,-0.17375588467997805,11.262719577243182
2026-04-22,243.1789104801207,236.97252298740815,249.59106330858347,,219.57341603990272,0.4873701244434518,10.77158459027718
2026-04-23,242.17700777663646,236.00135307531556,248.47292408855546,,219.67100712932788,0.07480479504416092,10.195889483311635
2026-04-24,241.50616985821046,234.41505658232109,247.36714869682348,,219.76859821875303,0.07604039906365774,9.552645335273361
2026-04-25,240.4555581234638,234.50572386319368,246.70509217179713,,219.86618930817818,-0.23567681132040919,8.859263633360923
2026-04-26,239.6251249983924,233.81218545659726,246.1418277268176,,219.9637803976033,-0.27630933822819037,8.133067821730888
2026-04-27,239.12371397785145,232.3680992345825,245.23527504049423,,220.06137148702842,0.04752671567839825,7.390825868368055
2026-04-28,238.05631984950884,231.22460781240258,244.0660898233491,,220.15896257645355,-0.17375588468037273,6.648316479993126
2026-04-29,237.86379627401408,230.93524122628858,244.53408434382447,,220.2565536658787,0.4873701244435126,5.919940377914475
2026-04-30,236.60179002527883,230.5475067917998,242.61576613741178,,220.35414475530385,0.07480479504502213,5.218386524808854
2026-05-01,235.76769840993154,229.8368630476134,242.04407515985815,,220.451735844729,0.07604039906311415,4.554361411154944
2026-05-02,234.64263711014274,227.96204574615152,239.93686250504902,,220.54932693415412,-0.23567681132169654,3.936387524980788
2026-05-03,233.81635556361152,227.8757951140456,239.70567711113392,,220.64691802357925,-0.27630933822847836,3.370674999566238
2026-05-04,233.38574400013536,226.6370386967165,239.68342708015274,,220.7445091130044,0.04752671567762787,2.861068223942237
2026-05-05,232.44254108059226,225.8923012263017,239.04547177118644,,220.84210020242952,-0.17375588468077374,2.409066975336439
2026-05-06,232.41351533942847,225.81187078574644,238.8170159404325,,220.9396912918547,0.48737012444357336,2.0139194558126334
2026-05-07,231.33988522170216,225.05518476300117,237.94280492848742,,221.03728238127982,0.07480479504508881,1.6727825493491366
2026-05-08,230.70475960829071,224.2172881627872,236.92866189121125,,221.13487347070495,0.07604039906398018,1.380942719305057
2026-05-09,236.89978979989402,231.21462613107667,243.3336791677181,,221.2324645601301,-0.2356768113197571,1.1320892922648316
2026-05-10,237.16225458130285,230.76072758831594,243.56046399477825,,221.33005564955522,-0.2763093382287663,0.918630468568939
2026-05-11,234.44672548154915,227.59979585750182,240.50178642652145,,221.42764673898037,0.047526715679027866,0.732041299735134
2026-05-12,236.06257619034588,229.49230088197237,242.10894264563373,,221.5252378284055,-0.17375588468071052,0.56323210691022
2026-05-13,233.63382449679176,227.2589328413003,240.27409618509472,,221.62282891783067,0.48737012444389444,0.40292540013552686
2026-05-14,232.69419044255042,226.5939768460616,239.1387079710204,,221.7204200072558,0.07480479504515548,0.24202930356795346
2026-05-15,226.3575968066307,219.98531565782898,232.8459390346643,,221.81801109668095,0.07604039906484625,0.07199579362446461
2026-05-16,225.34894393425878,219.27227333234225,231.9253886691397,,221.91560218610607,-0.23567681132081733,-0.11484729787573754
2026-05-17,224.573439504695,217.7726495033642,230.7805595381513,,222.0131932755312,-0.2763093382290542,-0.3250005984689919
2026-05-18,224.12114338142115,217.5691976905118,230.71857674588497,,222.11078436495634,0.04752671567825746,-0.5635426580493463
2026-05-19,223.08085644075194,216.70447987518295,229.51304496563287,,222.2083754543815,-0.17375588468018952,-0.833931890630854
2026-05-20,222.88033343621885,216.30472315828587,228.9919000577146,,222.30596654380665,0.4873701244436951,-1.1378666257324934
2026-05-21,221.56560602008005,215.33087413830543,227.41068623861491,,222.40355763323177,0.0748047950460167,-1.4752070533218131
2026-05-22,220.62820266169842,213.76781089116943,226.7056435442111,,222.5011487226569,0.07604039906289305,-1.843960908164346
2026-05-23,219.34724687899777,213.06811410223548,225.8648000334753,,222.59873981208204,-0.2356768113204913,-2.240332768939616
2026-05-24,218.31436913684354,211.6074331455793,224.27807138810195,,222.69633090150717,-0.27630933822963394,-2.6588349029318543
2026-05-25,217.63207883600302,210.98853509519148,223.95976855741773,,222.79392199093235,0.047526715678572244,-3.0924557261111802
2026-05-26,216.4012115840388,209.53503161878982,222.20554657438194,,222.89151308035747,-0.17375588467966846,-3.532880224867801
2026-05-27,216.06073489870957,210.05244346905258,222.1695033274635,,222.9891041697826,0.48737012444335487,-3.9707551495861306
2026-05-28,214.66669044599632,207.90692787369795,220.73503661750217,,223.08669525920774,0.07480479504608342,-4.395990484612303
2026-05-29,213.71907094101758,207.71448392592671,219.48120618952828,,223.18428634863287,0.07604039906375909,-4.798087660767338
2026-05-30,212.50362328398626,206.8184071294717,219.08521448058002,,223.28187743805802,-0.23567681132177862,-5.166484232929134
2026-05-31,211.61652192009132,205.28143902360029,218.0166232250024,,223.37946852748314,-0.2763093382299219,-5.490904315640506
2026-06-01,211.16256572138664,205.54640752614253,217.00263217252322,,223.4770596169083,0.047526715678513826,-5.761703963530723
2026-06-02,210.2425185102285,203.85668419893383,216.2276585797275,,223.57465070633344,-0.17375588468006312,-5.970200900303743
2026-06-03,210.29287923046147,204.1092063239124,216.2538266347059,,223.67224179575857,0.4873701244431555,-6.108978530838657
2026-06-04,209.36486058797848,203.3509738977093,216.0593222631305,,223.76983288518372,0.0748047950452234,-6.172154996008376
2026-06-05,208.9513728720478,202.3244865297149,215.31411565289588,,223.86742397460884,0.07604039906321547,-6.155609122533857
2026-06-06,208.32900103928606,201.97956996663714,215.11351805786674,,223.96501506403396,-0.23567681132306606,-6.057156444825445
2026-06-07,208.08291360918236,202.20508198333684,213.4192213403355,,224.06260615345914,-0.2763093382287122,-5.876669991280072
2026-06-08,208.30534945900166,201.5902493540838,214.8412927800318,,224.16019724288427,0.04752671567882866,-5.616142187016785
2026-06-09,208.0832938873841,202.19515644746699,214.59590350499028,,224.25778833230942,-0.17375588467954217,-5.279685977961607
2026-06-10,208.83861993568092,202.7622370943978,215.11833180412884,,224.35537942173454,0.48737012444347655,-4.873475075086805
2026-06-11,208.6074628120879,202.4825586412129,214.52513327636362,,224.45297051115966,0.07480479504529008,-4.4056249988110245
2026-06-12,208.8676125267119,202.39743419138296,214.95165426324627,,224.5505616005848,0.07604039906389838,-3.8860183200182066
2026-06-13,208.88090093701467,202.53708839330702,215.55422819397376,,224.64815269000994,-0.2356768113211266,-3.326079095514806
2026-06-14,209.21850994269832,203.4059557879842,215.04592397054253,,224.74574377943512,-0.27630933823049764,-2.738502936653247
2026-06-15,209.95983552702663,203.38282907454064,216.7629230662478,,224.84333486886024,0.047526715678058246,-2.1369503888981995
2026-06-16,210.1805083711409,204.2745625365916,216.63695507078367,,224.94092595828536,-0.173755884679479,-1.535712303801837
2026-06-17,211.29283744042615,204.88587363788326,217.71467530207386,,225.0385170477105,0.4873701244428761,-0.949356625651144
2026-06-18,211.32543611948566,205.02758776088143,217.63353551489516,,225.13610813713564,0.07480479504443006,-0.39236647456620233
2026-06-19,211.750809284509,205.49832688198143,217.20367858560255,,225.2336992265608,0.07604039906335482,0.12122042429542124
2026-06-20,211.8278725207309,205.75164644207277,218.01811271892564,,225.33129031598594,-0.23567681131896004,0.578161041088121
2026-06-21,212.12732708589618,205.72861505786605,217.9353158302472,,225.42888140541106,-0.27630933822928805,0.966335557990364
2026-06-22,212.7305241009229,206.1713715805045,218.8332068926117,,225.5264724948362,0.047526715678373035,1.2750462704894154
2026-06-23,212.71741941275837,206.9915227166838,218.4489412026454,,225.62406358426134,-0.1737558846803377,1.4952789696294746
2026-06-24,213.5068881353111,206.92534862368518,219.353673108791,,225.7216546736865,0.4873701244429369,1.6199200462041794
2026-06-25,213.1361628386526,207.69100674772565,219.21755407574227,,225.8192457631116,0.07480479504542345,1.6439238820352726
2026-06-26,213.08817980341905,207.22099142243113,220.62038990451495,,225.9168368525368,0.07604039906422085,1.5644265563061215
2026-06-27,212.63381201090874,206.06369714419262,218.71886975950244,,226.0144279419619,-0.23567681132024743,1.380803450921662
2026-06-28,212.3569211284223,205.68408753778093,218.58805351949644,,226.11201903138706,-0.27630933822986775,1.0946699413540735
2026-06-29,212.3528715537535,206.44437403361056,218.44784878345686,,226.2096101208122,0.04752671567760262,0.7098259603437422
2026-06-30,211.71611817561595,205.06649009974592,218.26955662833282,,226.3072012102373,-0.17375588468027453,0.23214677392558528
2026-07-01,211.88014738676452,206.4817291869812,218.1419258446712,,226.40479229966246,0.4873701244429978,-0.33057623211552295
2026-07-02,210.89654585552287,204.62602727068548,216.70621498391924,,226.50238338908758,0.07480479504456346,-0.9688396340004056
2026-07-03,210.26199170203046,204.1849300090946,216.4714540978528,,226.59997447851276,0.07604039906367727,-1.671670647307315
2026-07-04,209.2601563769989,202.9158657725766,216.1293043034484,,226.6975655679379,-0.23567681132153478,-2.426901179229018
2026-07-05,208.4864582531254,202.633993496395,214.96958763376338,,226.795156657363,-0.2763093382301557,-3.2214653148132046
2026-07-06,208.04631862413905,201.90881795914083,213.96940166948133,,226.89274774678813,0.04752671567900262,-4.041711820806265
